/teiCorpus/TEI/teiHeader/fileDesc/publicationStmt/p;1059
/teiCorpus/TEI/teiHeader/fileDesc/sourceDesc/listWit/witness/msDesc/additional/adminInfo/note/hi;14
/teiCorpus/TEI/teiHeader/fileDesc/sourceDesc/listWit/witness/msDesc/additional/adminInfo/note/p/hi/hi;7
/teiCorpus/TEI/teiHeader/fileDesc/sourceDesc/listWit/witness/msDesc/additional/adminInfo/note/p/hi/seg;5
/teiCorpus/TEI/teiHeader/fileDesc/sourceDesc/listWit/witness/msDesc/additional/adminInfo/note/p/hi;999
/teiCorpus/TEI/teiHeader/fileDesc/sourceDesc/listWit/witness/msDesc/additional/adminInfo/note/p/title;1
/teiCorpus/TEI/teiHeader/fileDesc/sourceDesc/listWit/witness/msDesc/additional/adminInfo/note/p;1005
/teiCorpus/TEI/teiHeader/fileDesc/sourceDesc/listWit/witness/msDesc/additional/adminInfo/note;160
/teiCorpus/TEI/teiHeader/fileDesc/sourceDesc/listWit/witness/msDesc/additional/adminInfo/recordHist/p/hi;13
/teiCorpus/TEI/teiHeader/fileDesc/sourceDesc/listWit/witness/msDesc/additional/adminInfo/recordHist/p;528
/teiCorpus/TEI/teiHeader/fileDesc/sourceDesc/listWit/witness/msDesc/additional/adminInfo/recordHist/source/note;1
/teiCorpus/TEI/teiHeader/fileDesc/sourceDesc/listWit/witness/msDesc/additional/adminInfo/recordHist/source;370
/teiCorpus/TEI/teiHeader/fileDesc/sourceDesc/listWit/witness/msDesc/additional/listBibl/bibl/bibl;2
/teiCorpus/TEI/teiHeader/fileDesc/sourceDesc/listWit/witness/msDesc/additional/listBibl/bibl/biblScope;13
/teiCorpus/TEI/teiHeader/fileDesc/sourceDesc/listWit/witness/msDesc/additional/listBibl/bibl/hi;2
/teiCorpus/TEI/teiHeader/fileDesc/sourceDesc/listWit/witness/msDesc/additional/listBibl/bibl/note;4
/teiCorpus/TEI/teiHeader/fileDesc/sourceDesc/listWit/witness/msDesc/additional/listBibl/bibl;1428
/teiCorpus/TEI/teiHeader/fileDesc/sourceDesc/listWit/witness/msDesc/additional/surrogates/bibl;514
/teiCorpus/TEI/teiHeader/fileDesc/sourceDesc/listWit/witness/msDesc/additional/surrogates/list/item/idno;1
/teiCorpus/TEI/teiHeader/fileDesc/sourceDesc/listWit/witness/msDesc/additional/surrogates/list/item;213
/teiCorpus/TEI/teiHeader/fileDesc/sourceDesc/listWit/witness/msDesc/additional/surrogates/p;1
/teiCorpus/TEI/teiHeader/fileDesc/sourceDesc/listWit/witness/msDesc/additional/surrogates;2
/teiCorpus/TEI/teiHeader/fileDesc/sourceDesc/listWit/witness/msDesc/history/origin/bibl/biblScope;1
/teiCorpus/TEI/teiHeader/fileDesc/sourceDesc/listWit/witness/msDesc/history/origin/bibl/hi;1
/teiCorpus/TEI/teiHeader/fileDesc/sourceDesc/listWit/witness/msDesc/history/origin/bibl;12
/teiCorpus/TEI/teiHeader/fileDesc/sourceDesc/listWit/witness/msDesc/history/origin/date;27
/teiCorpus/TEI/teiHeader/fileDesc/sourceDesc/listWit/witness/msDesc/history/origin/foreign;6
/teiCorpus/TEI/teiHeader/fileDesc/sourceDesc/listWit/witness/msDesc/history/origin/hi;110
/teiCorpus/TEI/teiHeader/fileDesc/sourceDesc/listWit/witness/msDesc/history/origin/idno;16
/teiCorpus/TEI/teiHeader/fileDesc/sourceDesc/listWit/witness/msDesc/history/origin/list/item;9
/teiCorpus/TEI/teiHeader/fileDesc/sourceDesc/listWit/witness/msDesc/history/origin/locus;55
/teiCorpus/TEI/teiHeader/fileDesc/sourceDesc/listWit/witness/msDesc/history/origin/note/bibl;20
/teiCorpus/TEI/teiHeader/fileDesc/sourceDesc/listWit/witness/msDesc/history/origin/note/hi/seg;3
/teiCorpus/TEI/teiHeader/fileDesc/sourceDesc/listWit/witness/msDesc/history/origin/note/hi;15
/teiCorpus/TEI/teiHeader/fileDesc/sourceDesc/listWit/witness/msDesc/history/origin/note/origPlace;1
/teiCorpus/TEI/teiHeader/fileDesc/sourceDesc/listWit/witness/msDesc/history/origin/note/persName;20
/teiCorpus/TEI/teiHeader/fileDesc/sourceDesc/listWit/witness/msDesc/history/origin/note/q;1
/teiCorpus/TEI/teiHeader/fileDesc/sourceDesc/listWit/witness/msDesc/history/origin/note/title;2
/teiCorpus/TEI/teiHeader/fileDesc/sourceDesc/listWit/witness/msDesc/history/origin/note;96
/teiCorpus/TEI/teiHeader/fileDesc/sourceDesc/listWit/witness/msDesc/history/origin/origDate/locus;3
/teiCorpus/TEI/teiHeader/fileDesc/sourceDesc/listWit/witness/msDesc/history/origin/origDate/note;3
/teiCorpus/TEI/teiHeader/fileDesc/sourceDesc/listWit/witness/msDesc/history/origin/origDate;707
/teiCorpus/TEI/teiHeader/fileDesc/sourceDesc/listWit/witness/msDesc/history/origin/origPlace/hi;10
/teiCorpus/TEI/teiHeader/fileDesc/sourceDesc/listWit/witness/msDesc/history/origin/origPlace/note;10
/teiCorpus/TEI/teiHeader/fileDesc/sourceDesc/listWit/witness/msDesc/history/origin/origPlace/origPlace;1
/teiCorpus/TEI/teiHeader/fileDesc/sourceDesc/listWit/witness/msDesc/history/origin/origPlace;273
/teiCorpus/TEI/teiHeader/fileDesc/sourceDesc/listWit/witness/msDesc/history/origin/p/bibl/bibl;1
/teiCorpus/TEI/teiHeader/fileDesc/sourceDesc/listWit/witness/msDesc/history/origin/p/bibl;4
/teiCorpus/TEI/teiHeader/fileDesc/sourceDesc/listWit/witness/msDesc/history/origin/p/date;3
/teiCorpus/TEI/teiHeader/fileDesc/sourceDesc/listWit/witness/msDesc/history/origin/p/foreign;1
/teiCorpus/TEI/teiHeader/fileDesc/sourceDesc/listWit/witness/msDesc/history/origin/p/hi/hi;7
/teiCorpus/TEI/teiHeader/fileDesc/sourceDesc/listWit/witness/msDesc/history/origin/p/hi/quote;2
/teiCorpus/TEI/teiHeader/fileDesc/sourceDesc/listWit/witness/msDesc/history/origin/p/hi;2307
/teiCorpus/TEI/teiHeader/fileDesc/sourceDesc/listWit/witness/msDesc/history/origin/p/idno;15
/teiCorpus/TEI/teiHeader/fileDesc/sourceDesc/listWit/witness/msDesc/history/origin/p/locus;16
/teiCorpus/TEI/teiHeader/fileDesc/sourceDesc/listWit/witness/msDesc/history/origin/p/note;2
/teiCorpus/TEI/teiHeader/fileDesc/sourceDesc/listWit/witness/msDesc/history/origin/p/persName;19
/teiCorpus/TEI/teiHeader/fileDesc/sourceDesc/listWit/witness/msDesc/history/origin/p/q/hi;2
/teiCorpus/TEI/teiHeader/fileDesc/sourceDesc/listWit/witness/msDesc/history/origin/p/q;11
/teiCorpus/TEI/teiHeader/fileDesc/sourceDesc/listWit/witness/msDesc/history/origin/p/quote/hi;2
/teiCorpus/TEI/teiHeader/fileDesc/sourceDesc/listWit/witness/msDesc/history/origin/p/quote/note;3
/teiCorpus/TEI/teiHeader/fileDesc/sourceDesc/listWit/witness/msDesc/history/origin/p/quote/sic;1
/teiCorpus/TEI/teiHeader/fileDesc/sourceDesc/listWit/witness/msDesc/history/origin/p/quote;38
/teiCorpus/TEI/teiHeader/fileDesc/sourceDesc/listWit/witness/msDesc/history/origin/p/title;2
/teiCorpus/TEI/teiHeader/fileDesc/sourceDesc/listWit/witness/msDesc/history/origin/p;1237
/teiCorpus/TEI/teiHeader/fileDesc/sourceDesc/listWit/witness/msDesc/history/origin/persName/roleName;2
/teiCorpus/TEI/teiHeader/fileDesc/sourceDesc/listWit/witness/msDesc/history/origin/persName;124
/teiCorpus/TEI/teiHeader/fileDesc/sourceDesc/listWit/witness/msDesc/history/origin/placeName;1
/teiCorpus/TEI/teiHeader/fileDesc/sourceDesc/listWit/witness/msDesc/history/origin/q/bibl/biblScope;1
/teiCorpus/TEI/teiHeader/fileDesc/sourceDesc/listWit/witness/msDesc/history/origin/q/choice/abbr/am;5
/teiCorpus/TEI/teiHeader/fileDesc/sourceDesc/listWit/witness/msDesc/history/origin/q/choice/expan/ex;4
/teiCorpus/TEI/teiHeader/fileDesc/sourceDesc/listWit/witness/msDesc/history/origin/q/choice/expan;3
/teiCorpus/TEI/teiHeader/fileDesc/sourceDesc/listWit/witness/msDesc/history/origin/q/choice/orig;10
/teiCorpus/TEI/teiHeader/fileDesc/sourceDesc/listWit/witness/msDesc/history/origin/q/choice/reg;10
/teiCorpus/TEI/teiHeader/fileDesc/sourceDesc/listWit/witness/msDesc/history/origin/q/damage;3
/teiCorpus/TEI/teiHeader/fileDesc/sourceDesc/listWit/witness/msDesc/history/origin/q/date;1
/teiCorpus/TEI/teiHeader/fileDesc/sourceDesc/listWit/witness/msDesc/history/origin/q/hi/sic;3
/teiCorpus/TEI/teiHeader/fileDesc/sourceDesc/listWit/witness/msDesc/history/origin/q/hi;33
/teiCorpus/TEI/teiHeader/fileDesc/sourceDesc/listWit/witness/msDesc/history/origin/q/locus;9
/teiCorpus/TEI/teiHeader/fileDesc/sourceDesc/listWit/witness/msDesc/history/origin/q/note;4
/teiCorpus/TEI/teiHeader/fileDesc/sourceDesc/listWit/witness/msDesc/history/origin/q/persName;5
/teiCorpus/TEI/teiHeader/fileDesc/sourceDesc/listWit/witness/msDesc/history/origin/q/placeName;1
/teiCorpus/TEI/teiHeader/fileDesc/sourceDesc/listWit/witness/msDesc/history/origin/q/q;2
/teiCorpus/TEI/teiHeader/fileDesc/sourceDesc/listWit/witness/msDesc/history/origin/q/sic;1
/teiCorpus/TEI/teiHeader/fileDesc/sourceDesc/listWit/witness/msDesc/history/origin/q/supplied;4
/teiCorpus/TEI/teiHeader/fileDesc/sourceDesc/listWit/witness/msDesc/history/origin/q/title;1
/teiCorpus/TEI/teiHeader/fileDesc/sourceDesc/listWit/witness/msDesc/history/origin/q;357
/teiCorpus/TEI/teiHeader/fileDesc/sourceDesc/listWit/witness/msDesc/history/origin/quote/foreign;1
/teiCorpus/TEI/teiHeader/fileDesc/sourceDesc/listWit/witness/msDesc/history/origin/quote/hi;1
/teiCorpus/TEI/teiHeader/fileDesc/sourceDesc/listWit/witness/msDesc/history/origin/quote/locus;1
/teiCorpus/TEI/teiHeader/fileDesc/sourceDesc/listWit/witness/msDesc/history/origin/quote/quote;4
/teiCorpus/TEI/teiHeader/fileDesc/sourceDesc/listWit/witness/msDesc/history/origin/quote;20
/teiCorpus/TEI/teiHeader/fileDesc/sourceDesc/listWit/witness/msDesc/history/origin/roleName;6
/teiCorpus/TEI/teiHeader/fileDesc/sourceDesc/listWit/witness/msDesc/history/origin/title;9
/teiCorpus/TEI/teiHeader/fileDesc/sourceDesc/listWit/witness/msDesc/history/origin;918
/teiCorpus/TEI/teiHeader/fileDesc/sourceDesc/listWit/witness/msDesc/history/provenance/bibl/biblScope;1
/teiCorpus/TEI/teiHeader/fileDesc/sourceDesc/listWit/witness/msDesc/history/provenance/bibl;3
/teiCorpus/TEI/teiHeader/fileDesc/sourceDesc/listWit/witness/msDesc/history/provenance/date;1
/teiCorpus/TEI/teiHeader/fileDesc/sourceDesc/listWit/witness/msDesc/history/provenance/hi/hi;1
/teiCorpus/TEI/teiHeader/fileDesc/sourceDesc/listWit/witness/msDesc/history/provenance/hi;214
/teiCorpus/TEI/teiHeader/fileDesc/sourceDesc/listWit/witness/msDesc/history/provenance/idno;1
/teiCorpus/TEI/teiHeader/fileDesc/sourceDesc/listWit/witness/msDesc/history/provenance/locus;49
/teiCorpus/TEI/teiHeader/fileDesc/sourceDesc/listWit/witness/msDesc/history/provenance/note/bibl/biblScope;1
/teiCorpus/TEI/teiHeader/fileDesc/sourceDesc/listWit/witness/msDesc/history/provenance/note;8
/teiCorpus/TEI/teiHeader/fileDesc/sourceDesc/listWit/witness/msDesc/history/provenance/orgName;5
/teiCorpus/TEI/teiHeader/fileDesc/sourceDesc/listWit/witness/msDesc/history/provenance/p/bibl;1
/teiCorpus/TEI/teiHeader/fileDesc/sourceDesc/listWit/witness/msDesc/history/provenance/p/date;2
/teiCorpus/TEI/teiHeader/fileDesc/sourceDesc/listWit/witness/msDesc/history/provenance/p/hi;532
/teiCorpus/TEI/teiHeader/fileDesc/sourceDesc/listWit/witness/msDesc/history/provenance/p/locus;15
/teiCorpus/TEI/teiHeader/fileDesc/sourceDesc/listWit/witness/msDesc/history/provenance/p/note/bibl/title;1
/teiCorpus/TEI/teiHeader/fileDesc/sourceDesc/listWit/witness/msDesc/history/provenance/p/note/bibl;2
/teiCorpus/TEI/teiHeader/fileDesc/sourceDesc/listWit/witness/msDesc/history/provenance/p/note;3
/teiCorpus/TEI/teiHeader/fileDesc/sourceDesc/listWit/witness/msDesc/history/provenance/p/persName;19
/teiCorpus/TEI/teiHeader/fileDesc/sourceDesc/listWit/witness/msDesc/history/provenance/p/q/hi;1
/teiCorpus/TEI/teiHeader/fileDesc/sourceDesc/listWit/witness/msDesc/history/provenance/p/q;11
/teiCorpus/TEI/teiHeader/fileDesc/sourceDesc/listWit/witness/msDesc/history/provenance/p/quote/supplied;1
/teiCorpus/TEI/teiHeader/fileDesc/sourceDesc/listWit/witness/msDesc/history/provenance/p/quote;13
/teiCorpus/TEI/teiHeader/fileDesc/sourceDesc/listWit/witness/msDesc/history/provenance/p;391
/teiCorpus/TEI/teiHeader/fileDesc/sourceDesc/listWit/witness/msDesc/history/provenance/persName/note;1
/teiCorpus/TEI/teiHeader/fileDesc/sourceDesc/listWit/witness/msDesc/history/provenance/persName/roleName;5
/teiCorpus/TEI/teiHeader/fileDesc/sourceDesc/listWit/witness/msDesc/history/provenance/persName;150
/teiCorpus/TEI/teiHeader/fileDesc/sourceDesc/listWit/witness/msDesc/history/provenance/q/choice/orig;2
/teiCorpus/TEI/teiHeader/fileDesc/sourceDesc/listWit/witness/msDesc/history/provenance/q/choice/reg;2
/teiCorpus/TEI/teiHeader/fileDesc/sourceDesc/listWit/witness/msDesc/history/provenance/q/ex;1
/teiCorpus/TEI/teiHeader/fileDesc/sourceDesc/listWit/witness/msDesc/history/provenance/q/hi;15
/teiCorpus/TEI/teiHeader/fileDesc/sourceDesc/listWit/witness/msDesc/history/provenance/q/locus;5
/teiCorpus/TEI/teiHeader/fileDesc/sourceDesc/listWit/witness/msDesc/history/provenance/q/note/persName;2
/teiCorpus/TEI/teiHeader/fileDesc/sourceDesc/listWit/witness/msDesc/history/provenance/q/note;4
/teiCorpus/TEI/teiHeader/fileDesc/sourceDesc/listWit/witness/msDesc/history/provenance/q/persName;6
/teiCorpus/TEI/teiHeader/fileDesc/sourceDesc/listWit/witness/msDesc/history/provenance/q/q;1
/teiCorpus/TEI/teiHeader/fileDesc/sourceDesc/listWit/witness/msDesc/history/provenance/q/sic;2
/teiCorpus/TEI/teiHeader/fileDesc/sourceDesc/listWit/witness/msDesc/history/provenance/q/supplied;3
/teiCorpus/TEI/teiHeader/fileDesc/sourceDesc/listWit/witness/msDesc/history/provenance/q/title;3
/teiCorpus/TEI/teiHeader/fileDesc/sourceDesc/listWit/witness/msDesc/history/provenance/q;218
/teiCorpus/TEI/teiHeader/fileDesc/sourceDesc/listWit/witness/msDesc/history/provenance/quote;18
/teiCorpus/TEI/teiHeader/fileDesc/sourceDesc/listWit/witness/msDesc/history/provenance/roleName;2
/teiCorpus/TEI/teiHeader/fileDesc/sourceDesc/listWit/witness/msDesc/history/provenance;839
/teiCorpus/TEI/teiHeader/fileDesc/sourceDesc/listWit/witness/msDesc/msContents/msItem/author/note;2
/teiCorpus/TEI/teiHeader/fileDesc/sourceDesc/listWit/witness/msDesc/msContents/msItem/author/persName;22
/teiCorpus/TEI/teiHeader/fileDesc/sourceDesc/listWit/witness/msDesc/msContents/msItem/author/roleName;1
/teiCorpus/TEI/teiHeader/fileDesc/sourceDesc/listWit/witness/msDesc/msContents/msItem/author;211
/teiCorpus/TEI/teiHeader/fileDesc/sourceDesc/listWit/witness/msDesc/msContents/msItem/colophon/choice/orig;1
/teiCorpus/TEI/teiHeader/fileDesc/sourceDesc/listWit/witness/msDesc/msContents/msItem/colophon/choice/reg;1
/teiCorpus/TEI/teiHeader/fileDesc/sourceDesc/listWit/witness/msDesc/msContents/msItem/colophon/damage;2
/teiCorpus/TEI/teiHeader/fileDesc/sourceDesc/listWit/witness/msDesc/msContents/msItem/colophon/expan/ex;2
/teiCorpus/TEI/teiHeader/fileDesc/sourceDesc/listWit/witness/msDesc/msContents/msItem/colophon/expan;2
/teiCorpus/TEI/teiHeader/fileDesc/sourceDesc/listWit/witness/msDesc/msContents/msItem/colophon/hi/hi;1
/teiCorpus/TEI/teiHeader/fileDesc/sourceDesc/listWit/witness/msDesc/msContents/msItem/colophon/hi;24
/teiCorpus/TEI/teiHeader/fileDesc/sourceDesc/listWit/witness/msDesc/msContents/msItem/colophon/locus;3
/teiCorpus/TEI/teiHeader/fileDesc/sourceDesc/listWit/witness/msDesc/msContents/msItem/colophon/note;7
/teiCorpus/TEI/teiHeader/fileDesc/sourceDesc/listWit/witness/msDesc/msContents/msItem/colophon/persName;1
/teiCorpus/TEI/teiHeader/fileDesc/sourceDesc/listWit/witness/msDesc/msContents/msItem/colophon/placeName;1
/teiCorpus/TEI/teiHeader/fileDesc/sourceDesc/listWit/witness/msDesc/msContents/msItem/colophon/quote;4
/teiCorpus/TEI/teiHeader/fileDesc/sourceDesc/listWit/witness/msDesc/msContents/msItem/colophon/supplied;5
/teiCorpus/TEI/teiHeader/fileDesc/sourceDesc/listWit/witness/msDesc/msContents/msItem/colophon;117
/teiCorpus/TEI/teiHeader/fileDesc/sourceDesc/listWit/witness/msDesc/msContents/msItem/explicit/hi;10
/teiCorpus/TEI/teiHeader/fileDesc/sourceDesc/listWit/witness/msDesc/msContents/msItem/explicit/locus;37
/teiCorpus/TEI/teiHeader/fileDesc/sourceDesc/listWit/witness/msDesc/msContents/msItem/explicit;217
/teiCorpus/TEI/teiHeader/fileDesc/sourceDesc/listWit/witness/msDesc/msContents/msItem/finalRubric/locus;16
/teiCorpus/TEI/teiHeader/fileDesc/sourceDesc/listWit/witness/msDesc/msContents/msItem/finalRubric;20
/teiCorpus/TEI/teiHeader/fileDesc/sourceDesc/listWit/witness/msDesc/msContents/msItem/incipit/locus;100
/teiCorpus/TEI/teiHeader/fileDesc/sourceDesc/listWit/witness/msDesc/msContents/msItem/incipit;270
/teiCorpus/TEI/teiHeader/fileDesc/sourceDesc/listWit/witness/msDesc/msContents/msItem/locus;34
/teiCorpus/TEI/teiHeader/fileDesc/sourceDesc/listWit/witness/msDesc/msContents/msItem/note/bibl;1
/teiCorpus/TEI/teiHeader/fileDesc/sourceDesc/listWit/witness/msDesc/msContents/msItem/note/idno;4
/teiCorpus/TEI/teiHeader/fileDesc/sourceDesc/listWit/witness/msDesc/msContents/msItem/note/persName;1
/teiCorpus/TEI/teiHeader/fileDesc/sourceDesc/listWit/witness/msDesc/msContents/msItem/note/title;1
/teiCorpus/TEI/teiHeader/fileDesc/sourceDesc/listWit/witness/msDesc/msContents/msItem/note;37
/teiCorpus/TEI/teiHeader/fileDesc/sourceDesc/listWit/witness/msDesc/msContents/msItem/rubric/hi;1
/teiCorpus/TEI/teiHeader/fileDesc/sourceDesc/listWit/witness/msDesc/msContents/msItem/rubric/locus;17
/teiCorpus/TEI/teiHeader/fileDesc/sourceDesc/listWit/witness/msDesc/msContents/msItem/rubric;22
/teiCorpus/TEI/teiHeader/fileDesc/sourceDesc/listWit/witness/msDesc/msContents/msItem/textLang;1
/teiCorpus/TEI/teiHeader/fileDesc/sourceDesc/listWit/witness/msDesc/msContents/msItem/title/note/hi;2
/teiCorpus/TEI/teiHeader/fileDesc/sourceDesc/listWit/witness/msDesc/msContents/msItem/title/note;5
/teiCorpus/TEI/teiHeader/fileDesc/sourceDesc/listWit/witness/msDesc/msContents/msItem/title;523
/teiCorpus/TEI/teiHeader/fileDesc/sourceDesc/listWit/witness/msDesc/msContents/summary/note/hi;1
/teiCorpus/TEI/teiHeader/fileDesc/sourceDesc/listWit/witness/msDesc/msContents/summary/note/title;1
/teiCorpus/TEI/teiHeader/fileDesc/sourceDesc/listWit/witness/msDesc/msContents/summary/note;6
/teiCorpus/TEI/teiHeader/fileDesc/sourceDesc/listWit/witness/msDesc/msContents/summary/title;7
/teiCorpus/TEI/teiHeader/fileDesc/sourceDesc/listWit/witness/msDesc/msContents/summary;856
/teiCorpus/TEI/teiHeader/fileDesc/sourceDesc/listWit/witness/msDesc/msContents/textLang;392
/teiCorpus/TEI/teiHeader/fileDesc/sourceDesc/listWit/witness/msDesc/msIdentifier/altIdentifier/idno;268
/teiCorpus/TEI/teiHeader/fileDesc/sourceDesc/listWit/witness/msDesc/msIdentifier/idno;1059
/teiCorpus/TEI/teiHeader/fileDesc/sourceDesc/listWit/witness/msDesc/msIdentifier/repository;1059
/teiCorpus/TEI/teiHeader/fileDesc/sourceDesc/listWit/witness/msDesc/msIdentifier/settlement;1059
/teiCorpus/TEI/teiHeader/fileDesc/sourceDesc/listWit/witness/msDesc/msPart/additional/adminInfo/note/p/hi;2
/teiCorpus/TEI/teiHeader/fileDesc/sourceDesc/listWit/witness/msDesc/msPart/additional/adminInfo/note/p;1
/teiCorpus/TEI/teiHeader/fileDesc/sourceDesc/listWit/witness/msDesc/msPart/additional/adminInfo/recordHist/p;2
/teiCorpus/TEI/teiHeader/fileDesc/sourceDesc/listWit/witness/msDesc/msPart/additional/surrogates/bibl;2
/teiCorpus/TEI/teiHeader/fileDesc/sourceDesc/listWit/witness/msDesc/msPart/history/origin/origDate;2
/teiCorpus/TEI/teiHeader/fileDesc/sourceDesc/listWit/witness/msDesc/msPart/history/origin/p/hi;7
/teiCorpus/TEI/teiHeader/fileDesc/sourceDesc/listWit/witness/msDesc/msPart/history/origin/p;2
/teiCorpus/TEI/teiHeader/fileDesc/sourceDesc/listWit/witness/msDesc/msPart/history/provenance/p/hi;9
/teiCorpus/TEI/teiHeader/fileDesc/sourceDesc/listWit/witness/msDesc/msPart/history/provenance/p;4
/teiCorpus/TEI/teiHeader/fileDesc/sourceDesc/listWit/witness/msDesc/msPart/msContents/summary;2
/teiCorpus/TEI/teiHeader/fileDesc/sourceDesc/listWit/witness/msDesc/msPart/msIdentifier/idno;2
/teiCorpus/TEI/teiHeader/fileDesc/sourceDesc/listWit/witness/msDesc/msPart/physDesc/decoDesc/decoNote;2
/teiCorpus/TEI/teiHeader/fileDesc/sourceDesc/listWit/witness/msDesc/msPart/physDesc/objectDesc/layoutDesc/layout;2
/teiCorpus/TEI/teiHeader/fileDesc/sourceDesc/listWit/witness/msDesc/msPart/physDesc/objectDesc/supportDesc/extent/dimensions/height;4
/teiCorpus/TEI/teiHeader/fileDesc/sourceDesc/listWit/witness/msDesc/msPart/physDesc/objectDesc/supportDesc/extent/dimensions/width;4
/teiCorpus/TEI/teiHeader/fileDesc/sourceDesc/listWit/witness/msDesc/msPart/physDesc/objectDesc/supportDesc/extent/measure;2
/teiCorpus/TEI/teiHeader/fileDesc/sourceDesc/listWit/witness/msDesc/msPart/physDesc/objectDesc/supportDesc/support/material;2
/teiCorpus/TEI/teiHeader/fileDesc/sourceDesc/listWit/witness/msDesc/physDesc/bindingDesc/binding/p/note;1
/teiCorpus/TEI/teiHeader/fileDesc/sourceDesc/listWit/witness/msDesc/physDesc/bindingDesc/binding/p/persName;1
/teiCorpus/TEI/teiHeader/fileDesc/sourceDesc/listWit/witness/msDesc/physDesc/bindingDesc/binding/p/q;3
/teiCorpus/TEI/teiHeader/fileDesc/sourceDesc/listWit/witness/msDesc/physDesc/bindingDesc/binding/p;154
/teiCorpus/TEI/teiHeader/fileDesc/sourceDesc/listWit/witness/msDesc/physDesc/decoDesc/decoNote/damage;1
/teiCorpus/TEI/teiHeader/fileDesc/sourceDesc/listWit/witness/msDesc/physDesc/decoDesc/decoNote/hi;1
/teiCorpus/TEI/teiHeader/fileDesc/sourceDesc/listWit/witness/msDesc/physDesc/decoDesc/decoNote/idno;4
/teiCorpus/TEI/teiHeader/fileDesc/sourceDesc/listWit/witness/msDesc/physDesc/decoDesc/decoNote/locus;11
/teiCorpus/TEI/teiHeader/fileDesc/sourceDesc/listWit/witness/msDesc/physDesc/decoDesc/decoNote/note/idno;2
/teiCorpus/TEI/teiHeader/fileDesc/sourceDesc/listWit/witness/msDesc/physDesc/decoDesc/decoNote/note;5
/teiCorpus/TEI/teiHeader/fileDesc/sourceDesc/listWit/witness/msDesc/physDesc/decoDesc/decoNote/origPlace;1
/teiCorpus/TEI/teiHeader/fileDesc/sourceDesc/listWit/witness/msDesc/physDesc/decoDesc/decoNote/p/locus;1
/teiCorpus/TEI/teiHeader/fileDesc/sourceDesc/listWit/witness/msDesc/physDesc/decoDesc/decoNote/p/persName;2
/teiCorpus/TEI/teiHeader/fileDesc/sourceDesc/listWit/witness/msDesc/physDesc/decoDesc/decoNote/p;5
/teiCorpus/TEI/teiHeader/fileDesc/sourceDesc/listWit/witness/msDesc/physDesc/decoDesc/decoNote/persName;162
/teiCorpus/TEI/teiHeader/fileDesc/sourceDesc/listWit/witness/msDesc/physDesc/decoDesc/decoNote/q/persName;1
/teiCorpus/TEI/teiHeader/fileDesc/sourceDesc/listWit/witness/msDesc/physDesc/decoDesc/decoNote/q;7
/teiCorpus/TEI/teiHeader/fileDesc/sourceDesc/listWit/witness/msDesc/physDesc/decoDesc/decoNote/quote;1
/teiCorpus/TEI/teiHeader/fileDesc/sourceDesc/listWit/witness/msDesc/physDesc/decoDesc/decoNote/title;2
/teiCorpus/TEI/teiHeader/fileDesc/sourceDesc/listWit/witness/msDesc/physDesc/decoDesc/decoNote;854
/teiCorpus/TEI/teiHeader/fileDesc/sourceDesc/listWit/witness/msDesc/physDesc/handDesc/handNote/bibl;2
/teiCorpus/TEI/teiHeader/fileDesc/sourceDesc/listWit/witness/msDesc/physDesc/handDesc/handNote/hi;15
/teiCorpus/TEI/teiHeader/fileDesc/sourceDesc/listWit/witness/msDesc/physDesc/handDesc/handNote/idno;24
/teiCorpus/TEI/teiHeader/fileDesc/sourceDesc/listWit/witness/msDesc/physDesc/handDesc/handNote/locus;11
/teiCorpus/TEI/teiHeader/fileDesc/sourceDesc/listWit/witness/msDesc/physDesc/handDesc/handNote/note/hi;1
/teiCorpus/TEI/teiHeader/fileDesc/sourceDesc/listWit/witness/msDesc/physDesc/handDesc/handNote/note/idno;1
/teiCorpus/TEI/teiHeader/fileDesc/sourceDesc/listWit/witness/msDesc/physDesc/handDesc/handNote/note;4
/teiCorpus/TEI/teiHeader/fileDesc/sourceDesc/listWit/witness/msDesc/physDesc/handDesc/handNote/p/note;1
/teiCorpus/TEI/teiHeader/fileDesc/sourceDesc/listWit/witness/msDesc/physDesc/handDesc/handNote/p/persName;1
/teiCorpus/TEI/teiHeader/fileDesc/sourceDesc/listWit/witness/msDesc/physDesc/handDesc/handNote/p/roleName;1
/teiCorpus/TEI/teiHeader/fileDesc/sourceDesc/listWit/witness/msDesc/physDesc/handDesc/handNote/p;4
/teiCorpus/TEI/teiHeader/fileDesc/sourceDesc/listWit/witness/msDesc/physDesc/handDesc/handNote/persName/note/hi;1
/teiCorpus/TEI/teiHeader/fileDesc/sourceDesc/listWit/witness/msDesc/physDesc/handDesc/handNote/persName/note;2
/teiCorpus/TEI/teiHeader/fileDesc/sourceDesc/listWit/witness/msDesc/physDesc/handDesc/handNote/persName/placeName;1
/teiCorpus/TEI/teiHeader/fileDesc/sourceDesc/listWit/witness/msDesc/physDesc/handDesc/handNote/persName/roleName/placeName;1
/teiCorpus/TEI/teiHeader/fileDesc/sourceDesc/listWit/witness/msDesc/physDesc/handDesc/handNote/persName/roleName;1
/teiCorpus/TEI/teiHeader/fileDesc/sourceDesc/listWit/witness/msDesc/physDesc/handDesc/handNote/persName;91
/teiCorpus/TEI/teiHeader/fileDesc/sourceDesc/listWit/witness/msDesc/physDesc/handDesc/handNote/q/choice/orig;1
/teiCorpus/TEI/teiHeader/fileDesc/sourceDesc/listWit/witness/msDesc/physDesc/handDesc/handNote/q/choice/reg;1
/teiCorpus/TEI/teiHeader/fileDesc/sourceDesc/listWit/witness/msDesc/physDesc/handDesc/handNote/q/hi;3
/teiCorpus/TEI/teiHeader/fileDesc/sourceDesc/listWit/witness/msDesc/physDesc/handDesc/handNote/q/persName;1
/teiCorpus/TEI/teiHeader/fileDesc/sourceDesc/listWit/witness/msDesc/physDesc/handDesc/handNote/q;26
/teiCorpus/TEI/teiHeader/fileDesc/sourceDesc/listWit/witness/msDesc/physDesc/handDesc/handNote/quote;10
/teiCorpus/TEI/teiHeader/fileDesc/sourceDesc/listWit/witness/msDesc/physDesc/handDesc/handNote/roleName;4
/teiCorpus/TEI/teiHeader/fileDesc/sourceDesc/listWit/witness/msDesc/physDesc/handDesc/handNote/title;2
/teiCorpus/TEI/teiHeader/fileDesc/sourceDesc/listWit/witness/msDesc/physDesc/handDesc/handNote;302
/teiCorpus/TEI/teiHeader/fileDesc/sourceDesc/listWit/witness/msDesc/physDesc/musicNotation;1
/teiCorpus/TEI/teiHeader/fileDesc/sourceDesc/listWit/witness/msDesc/physDesc/objectDesc/layoutDesc/layout/desc;223
/teiCorpus/TEI/teiHeader/fileDesc/sourceDesc/listWit/witness/msDesc/physDesc/objectDesc/layoutDesc/layout/note;47
/teiCorpus/TEI/teiHeader/fileDesc/sourceDesc/listWit/witness/msDesc/physDesc/objectDesc/layoutDesc/layout;488
/teiCorpus/TEI/teiHeader/fileDesc/sourceDesc/listWit/witness/msDesc/physDesc/objectDesc/supportDesc/collation/catchwords;8
/teiCorpus/TEI/teiHeader/fileDesc/sourceDesc/listWit/witness/msDesc/physDesc/objectDesc/supportDesc/collation/desc;5
/teiCorpus/TEI/teiHeader/fileDesc/sourceDesc/listWit/witness/msDesc/physDesc/objectDesc/supportDesc/collation/formula/hi;60
/teiCorpus/TEI/teiHeader/fileDesc/sourceDesc/listWit/witness/msDesc/physDesc/objectDesc/supportDesc/collation/formula;30
/teiCorpus/TEI/teiHeader/fileDesc/sourceDesc/listWit/witness/msDesc/physDesc/objectDesc/supportDesc/collation/hi;31
/teiCorpus/TEI/teiHeader/fileDesc/sourceDesc/listWit/witness/msDesc/physDesc/objectDesc/supportDesc/collation/p;3
/teiCorpus/TEI/teiHeader/fileDesc/sourceDesc/listWit/witness/msDesc/physDesc/objectDesc/supportDesc/collation/q;1
/teiCorpus/TEI/teiHeader/fileDesc/sourceDesc/listWit/witness/msDesc/physDesc/objectDesc/supportDesc/collation/signatures;10
/teiCorpus/TEI/teiHeader/fileDesc/sourceDesc/listWit/witness/msDesc/physDesc/objectDesc/supportDesc/collation;54
/teiCorpus/TEI/teiHeader/fileDesc/sourceDesc/listWit/witness/msDesc/physDesc/objectDesc/supportDesc/condition;1
/teiCorpus/TEI/teiHeader/fileDesc/sourceDesc/listWit/witness/msDesc/physDesc/objectDesc/supportDesc/extent/catchwords;7
/teiCorpus/TEI/teiHeader/fileDesc/sourceDesc/listWit/witness/msDesc/physDesc/objectDesc/supportDesc/extent/damage;1
/teiCorpus/TEI/teiHeader/fileDesc/sourceDesc/listWit/witness/msDesc/physDesc/objectDesc/supportDesc/extent/dimensions/dim;56
/teiCorpus/TEI/teiHeader/fileDesc/sourceDesc/listWit/witness/msDesc/physDesc/objectDesc/supportDesc/extent/dimensions/height;1461
/teiCorpus/TEI/teiHeader/fileDesc/sourceDesc/listWit/witness/msDesc/physDesc/objectDesc/supportDesc/extent/dimensions/width;1461
/teiCorpus/TEI/teiHeader/fileDesc/sourceDesc/listWit/witness/msDesc/physDesc/objectDesc/supportDesc/extent/measure/dimensions/height;2
/teiCorpus/TEI/teiHeader/fileDesc/sourceDesc/listWit/witness/msDesc/physDesc/objectDesc/supportDesc/extent/measure/dimensions/width;2
/teiCorpus/TEI/teiHeader/fileDesc/sourceDesc/listWit/witness/msDesc/physDesc/objectDesc/supportDesc/extent/measure/measure;3
/teiCorpus/TEI/teiHeader/fileDesc/sourceDesc/listWit/witness/msDesc/physDesc/objectDesc/supportDesc/extent/measure/note/hi;2
/teiCorpus/TEI/teiHeader/fileDesc/sourceDesc/listWit/witness/msDesc/physDesc/objectDesc/supportDesc/extent/measure/note;14
/teiCorpus/TEI/teiHeader/fileDesc/sourceDesc/listWit/witness/msDesc/physDesc/objectDesc/supportDesc/extent/measure;816
/teiCorpus/TEI/teiHeader/fileDesc/sourceDesc/listWit/witness/msDesc/physDesc/objectDesc/supportDesc/extent/note/note;1
/teiCorpus/TEI/teiHeader/fileDesc/sourceDesc/listWit/witness/msDesc/physDesc/objectDesc/supportDesc/extent/note;27
/teiCorpus/TEI/teiHeader/fileDesc/sourceDesc/listWit/witness/msDesc/physDesc/objectDesc/supportDesc/extent;6
/teiCorpus/TEI/teiHeader/fileDesc/sourceDesc/listWit/witness/msDesc/physDesc/objectDesc/supportDesc/foliation/hi;2
/teiCorpus/TEI/teiHeader/fileDesc/sourceDesc/listWit/witness/msDesc/physDesc/objectDesc/supportDesc/foliation/locus;1
/teiCorpus/TEI/teiHeader/fileDesc/sourceDesc/listWit/witness/msDesc/physDesc/objectDesc/supportDesc/foliation/note;1
/teiCorpus/TEI/teiHeader/fileDesc/sourceDesc/listWit/witness/msDesc/physDesc/objectDesc/supportDesc/foliation/p/quote;1
/teiCorpus/TEI/teiHeader/fileDesc/sourceDesc/listWit/witness/msDesc/physDesc/objectDesc/supportDesc/foliation/q;1
/teiCorpus/TEI/teiHeader/fileDesc/sourceDesc/listWit/witness/msDesc/physDesc/objectDesc/supportDesc/foliation;68
/teiCorpus/TEI/teiHeader/fileDesc/sourceDesc/listWit/witness/msDesc/physDesc/objectDesc/supportDesc/support/material/note;1
/teiCorpus/TEI/teiHeader/fileDesc/sourceDesc/listWit/witness/msDesc/physDesc/objectDesc/supportDesc/support/material;845
/teiCorpus/TEI/teiHeader/fileDesc/sourceDesc/listWit/witness/msDesc/physDesc/objectDesc/supportDesc/support/measure;1
/teiCorpus/TEI/teiHeader/fileDesc/sourceDesc/listWit/witness/msDesc/physDesc/objectDesc/supportDesc/support/note;1
/teiCorpus/TEI/teiHeader/fileDesc/sourceDesc/listWit/witness/msDesc/physDesc/objectDesc/supportDesc/support/p;1
/teiCorpus/TEI/teiHeader/fileDesc/sourceDesc/listWit/witness/msDesc/physDesc/objectDesc/supportDesc/support/watermark;6
/teiCorpus/TEI/teiHeader/fileDesc/sourceDesc/listWit/witness/msDesc/physDesc/objectDesc/supportDesc/support;5
/teiCorpus/TEI/teiHeader/fileDesc/sourceDesc/listWit/witness/msDesc/physDesc/scriptDesc/scriptNote/p;1
/teiCorpus/TEI/teiHeader/fileDesc/sourceDesc/listWit/witness/msDesc/physDesc/scriptDesc/scriptNote/q;6
/teiCorpus/TEI/teiHeader/fileDesc/sourceDesc/listWit/witness/msDesc/physDesc/scriptDesc/scriptNote;31
/teiCorpus/TEI/text/body/ab/choice/abbr/am;1
/teiCorpus/TEI/text/body/ab/choice/expan/ex;1
/teiCorpus/TEI/text/body/ab;4
/teiCorpus/TEI/text/body/p/add/choice/abbr/am;5
/teiCorpus/TEI/text/body/p/add/choice/abbr;1
/teiCorpus/TEI/text/body/p/add/choice/expan/ex;2
/teiCorpus/TEI/text/body/p/add/choice/expan;5
/teiCorpus/TEI/text/body/p/add/del;1
/teiCorpus/TEI/text/body/p/add/foreign/choice/abbr/am;3
/teiCorpus/TEI/text/body/p/add/foreign/choice/abbr;2
/teiCorpus/TEI/text/body/p/add/foreign/choice/expan/ex;3
/teiCorpus/TEI/text/body/p/add/foreign/choice/expan;3
/teiCorpus/TEI/text/body/p/add/foreign/sic;1
/teiCorpus/TEI/text/body/p/add/foreign;4
/teiCorpus/TEI/text/body/p/add/hi;1
/teiCorpus/TEI/text/body/p/add;19
/teiCorpus/TEI/text/body/p/choice/abbr/am;6151
/teiCorpus/TEI/text/body/p/choice/abbr;970
/teiCorpus/TEI/text/body/p/choice/corr;2
/teiCorpus/TEI/text/body/p/choice/expan/ex;4359
/teiCorpus/TEI/text/body/p/choice/expan/g;3
/teiCorpus/TEI/text/body/p/choice/expan;4080
/teiCorpus/TEI/text/body/p/choice/orig/num;1
/teiCorpus/TEI/text/body/p/choice/orig;944
/teiCorpus/TEI/text/body/p/choice/reg/ex;4
/teiCorpus/TEI/text/body/p/choice/reg;940
/teiCorpus/TEI/text/body/p/choice/sic/surplus/hi;1
/teiCorpus/TEI/text/body/p/choice/sic;3
/teiCorpus/TEI/text/body/p/corr/choice/abbr/am;1
/teiCorpus/TEI/text/body/p/corr/choice/expan;1
/teiCorpus/TEI/text/body/p/corr;2
/teiCorpus/TEI/text/body/p/damage;1
/teiCorpus/TEI/text/body/p/date;1
/teiCorpus/TEI/text/body/p/del/choice/abbr/am;3
/teiCorpus/TEI/text/body/p/del/choice/expan;3
/teiCorpus/TEI/text/body/p/del/persName/placeName/damage;1
/teiCorpus/TEI/text/body/p/del/persName/placeName;6
/teiCorpus/TEI/text/body/p/del/persName;11
/teiCorpus/TEI/text/body/p/del;31
/teiCorpus/TEI/text/body/p/expan/ex;7
/teiCorpus/TEI/text/body/p/expan;10
/teiCorpus/TEI/text/body/p/foreign/choice/abbr/am;22
/teiCorpus/TEI/text/body/p/foreign/choice/abbr;5
/teiCorpus/TEI/text/body/p/foreign/choice/expan/ex;23
/teiCorpus/TEI/text/body/p/foreign/choice/expan;16
/teiCorpus/TEI/text/body/p/foreign/choice/orig;4
/teiCorpus/TEI/text/body/p/foreign/choice/reg;4
/teiCorpus/TEI/text/body/p/foreign/hi/choice/abbr/am;2
/teiCorpus/TEI/text/body/p/foreign/hi/choice/expan/ex;1
/teiCorpus/TEI/text/body/p/foreign/hi/choice/expan;1
/teiCorpus/TEI/text/body/p/foreign/hi/hi;1
/teiCorpus/TEI/text/body/p/foreign/hi/persName;1
/teiCorpus/TEI/text/body/p/foreign/hi;16
/teiCorpus/TEI/text/body/p/foreign/persName/choice/abbr/am;1
/teiCorpus/TEI/text/body/p/foreign/persName/choice/abbr;1
/teiCorpus/TEI/text/body/p/foreign/persName/choice/expan/ex;1
/teiCorpus/TEI/text/body/p/foreign/persName/choice/expan;1
/teiCorpus/TEI/text/body/p/foreign/persName/supplied;1
/teiCorpus/TEI/text/body/p/foreign/persName;4
/teiCorpus/TEI/text/body/p/foreign/quote/choice/abbr/am;1
/teiCorpus/TEI/text/body/p/foreign/quote/choice/expan/ex;1
/teiCorpus/TEI/text/body/p/foreign/quote;11
/teiCorpus/TEI/text/body/p/foreign/title;2
/teiCorpus/TEI/text/body/p/foreign;54
/teiCorpus/TEI/text/body/p/fw/choice/abbr/am;9
/teiCorpus/TEI/text/body/p/fw/choice/expan/ex;2
/teiCorpus/TEI/text/body/p/fw/choice/expan;8
/teiCorpus/TEI/text/body/p/fw/choice/orig;4
/teiCorpus/TEI/text/body/p/fw/choice/reg;4
/teiCorpus/TEI/text/body/p/fw/del;1
/teiCorpus/TEI/text/body/p/fw/hi/hi/persName;1
/teiCorpus/TEI/text/body/p/fw/hi/hi;4
/teiCorpus/TEI/text/body/p/fw/hi;18
/teiCorpus/TEI/text/body/p/fw/persName/choice/abbr/am;2
/teiCorpus/TEI/text/body/p/fw/persName/choice/expan/ex;2
/teiCorpus/TEI/text/body/p/fw/persName/choice/orig;1
/teiCorpus/TEI/text/body/p/fw/persName/choice/reg;1
/teiCorpus/TEI/text/body/p/fw/persName;6
/teiCorpus/TEI/text/body/p/fw;29
/teiCorpus/TEI/text/body/p/hi/add;4
/teiCorpus/TEI/text/body/p/hi/choice/abbr/am;174
/teiCorpus/TEI/text/body/p/hi/choice/abbr;38
/teiCorpus/TEI/text/body/p/hi/choice/corr;1
/teiCorpus/TEI/text/body/p/hi/choice/expan/ex;141
/teiCorpus/TEI/text/body/p/hi/choice/expan/g;1
/teiCorpus/TEI/text/body/p/hi/choice/expan;100
/teiCorpus/TEI/text/body/p/hi/choice/orig;23
/teiCorpus/TEI/text/body/p/hi/choice/reg;23
/teiCorpus/TEI/text/body/p/hi/choice/sic;2
/teiCorpus/TEI/text/body/p/hi/del/choice/abbr/am;1
/teiCorpus/TEI/text/body/p/hi/del/choice/expan/ex;1
/teiCorpus/TEI/text/body/p/hi/del/choice/expan;1
/teiCorpus/TEI/text/body/p/hi/del;1
/teiCorpus/TEI/text/body/p/hi/expan/ex;14
/teiCorpus/TEI/text/body/p/hi/expan;14
/teiCorpus/TEI/text/body/p/hi/foreign/choice/abbr/am;15
/teiCorpus/TEI/text/body/p/hi/foreign/choice/abbr;10
/teiCorpus/TEI/text/body/p/hi/foreign/choice/expan/ex;18
/teiCorpus/TEI/text/body/p/hi/foreign/choice/expan;17
/teiCorpus/TEI/text/body/p/hi/foreign/hi/choice/abbr/am;2
/teiCorpus/TEI/text/body/p/hi/foreign/hi/choice/expan;2
/teiCorpus/TEI/text/body/p/hi/foreign/hi;5
/teiCorpus/TEI/text/body/p/hi/foreign/num;2
/teiCorpus/TEI/text/body/p/hi/foreign/persName;1
/teiCorpus/TEI/text/body/p/hi/foreign;29
/teiCorpus/TEI/text/body/p/hi/hi/choice/abbr/am;1
/teiCorpus/TEI/text/body/p/hi/hi/choice/expan;1
/teiCorpus/TEI/text/body/p/hi/hi;14
/teiCorpus/TEI/text/body/p/hi/num/hi;1
/teiCorpus/TEI/text/body/p/hi/num;17
/teiCorpus/TEI/text/body/p/hi/persName/choice/abbr/am;5
/teiCorpus/TEI/text/body/p/hi/persName/choice/abbr;1
/teiCorpus/TEI/text/body/p/hi/persName/choice/expan/ex;5
/teiCorpus/TEI/text/body/p/hi/persName/choice/expan;1
/teiCorpus/TEI/text/body/p/hi/persName/choice/orig;4
/teiCorpus/TEI/text/body/p/hi/persName/choice/reg;4
/teiCorpus/TEI/text/body/p/hi/persName/hi;1
/teiCorpus/TEI/text/body/p/hi/persName;55
/teiCorpus/TEI/text/body/p/hi/placeName/choice/abbr/am;1
/teiCorpus/TEI/text/body/p/hi/placeName/choice/expan/ex;1
/teiCorpus/TEI/text/body/p/hi/placeName;12
/teiCorpus/TEI/text/body/p/hi/quote/foreign/choice/abbr/am;2
/teiCorpus/TEI/text/body/p/hi/quote/foreign/choice/expan/ex;2
/teiCorpus/TEI/text/body/p/hi/quote/foreign/del;1
/teiCorpus/TEI/text/body/p/hi/quote/foreign;4
/teiCorpus/TEI/text/body/p/hi/sic;1
/teiCorpus/TEI/text/body/p/hi/supplied;1
/teiCorpus/TEI/text/body/p/hi/title/choice/abbr/am;1
/teiCorpus/TEI/text/body/p/hi/title/choice/expan/ex;1
/teiCorpus/TEI/text/body/p/hi/title;8
/teiCorpus/TEI/text/body/p/hi;840
/teiCorpus/TEI/text/body/p/metamark;2
/teiCorpus/TEI/text/body/p/note;2
/teiCorpus/TEI/text/body/p/num/choice/abbr/am;5
/teiCorpus/TEI/text/body/p/num/choice/expan/ex;1
/teiCorpus/TEI/text/body/p/num/choice/expan;4
/teiCorpus/TEI/text/body/p/num/del;1
/teiCorpus/TEI/text/body/p/num/hi;31
/teiCorpus/TEI/text/body/p/num/num/hi;1
/teiCorpus/TEI/text/body/p/num/num;2
/teiCorpus/TEI/text/body/p/num;202
/teiCorpus/TEI/text/body/p/orgName;1
/teiCorpus/TEI/text/body/p/pc;96
/teiCorpus/TEI/text/body/p/persName/add;2
/teiCorpus/TEI/text/body/p/persName/choice/abbr/am;111
/teiCorpus/TEI/text/body/p/persName/choice/abbr;43
/teiCorpus/TEI/text/body/p/persName/choice/expan/ex;117
/teiCorpus/TEI/text/body/p/persName/choice/expan/g;6
/teiCorpus/TEI/text/body/p/persName/choice/expan;64
/teiCorpus/TEI/text/body/p/persName/choice/orig;13
/teiCorpus/TEI/text/body/p/persName/choice/reg;13
/teiCorpus/TEI/text/body/p/persName/del;1
/teiCorpus/TEI/text/body/p/persName/foreign/hi/choice/abbr/am;1
/teiCorpus/TEI/text/body/p/persName/foreign/hi/choice/expan/ex;1
/teiCorpus/TEI/text/body/p/persName/foreign/hi/choice/expan;1
/teiCorpus/TEI/text/body/p/persName/foreign/hi/expan/ex;1
/teiCorpus/TEI/text/body/p/persName/foreign/hi/expan;1
/teiCorpus/TEI/text/body/p/persName/foreign/hi;2
/teiCorpus/TEI/text/body/p/persName/hi/choice/orig;1
/teiCorpus/TEI/text/body/p/persName/hi/choice/reg;1
/teiCorpus/TEI/text/body/p/persName/hi;21
/teiCorpus/TEI/text/body/p/persName/persName/choice/abbr/am;4
/teiCorpus/TEI/text/body/p/persName/persName/choice/abbr;1
/teiCorpus/TEI/text/body/p/persName/persName/choice/expan/ex;4
/teiCorpus/TEI/text/body/p/persName/persName/choice/expan;2
/teiCorpus/TEI/text/body/p/persName/persName/placeName/choice/abbr/am;1
/teiCorpus/TEI/text/body/p/persName/persName/placeName/choice/expan/ex;1
/teiCorpus/TEI/text/body/p/persName/persName/placeName;1
/teiCorpus/TEI/text/body/p/persName/persName;5
/teiCorpus/TEI/text/body/p/persName/placeName;7
/teiCorpus/TEI/text/body/p/persName/supplied;1
/teiCorpus/TEI/text/body/p/persName/title;1
/teiCorpus/TEI/text/body/p/persName;1122
/teiCorpus/TEI/text/body/p/placeName/choice/abbr/am;34
/teiCorpus/TEI/text/body/p/placeName/choice/abbr;9
/teiCorpus/TEI/text/body/p/placeName/choice/expan/ex;36
/teiCorpus/TEI/text/body/p/placeName/choice/expan;16
/teiCorpus/TEI/text/body/p/placeName/choice/orig;4
/teiCorpus/TEI/text/body/p/placeName/choice/reg/ex;1
/teiCorpus/TEI/text/body/p/placeName/choice/reg;3
/teiCorpus/TEI/text/body/p/placeName/placeName/choice/abbr/am;1
/teiCorpus/TEI/text/body/p/placeName/placeName/choice/expan/ex;1
/teiCorpus/TEI/text/body/p/placeName/placeName;4
/teiCorpus/TEI/text/body/p/placeName;431
/teiCorpus/TEI/text/body/p/q/choice/abbr/am;9
/teiCorpus/TEI/text/body/p/q/choice/abbr;2
/teiCorpus/TEI/text/body/p/q/choice/expan/ex;9
/teiCorpus/TEI/text/body/p/q/choice/expan;7
/teiCorpus/TEI/text/body/p/q/hi;1
/teiCorpus/TEI/text/body/p/q;32
/teiCorpus/TEI/text/body/p/quote/add;1
/teiCorpus/TEI/text/body/p/quote/choice/abbr/am;780
/teiCorpus/TEI/text/body/p/quote/choice/abbr/hi/am;1
/teiCorpus/TEI/text/body/p/quote/choice/abbr;164
/teiCorpus/TEI/text/body/p/quote/choice/expan/ex;608
/teiCorpus/TEI/text/body/p/quote/choice/expan/g;4
/teiCorpus/TEI/text/body/p/quote/choice/expan;513
/teiCorpus/TEI/text/body/p/quote/choice/orig;46
/teiCorpus/TEI/text/body/p/quote/choice/reg/ex;1
/teiCorpus/TEI/text/body/p/quote/choice/reg;45
/teiCorpus/TEI/text/body/p/quote/del;2
/teiCorpus/TEI/text/body/p/quote/foreign/choice/abbr/am;6
/teiCorpus/TEI/text/body/p/quote/foreign/choice/abbr/hi;1
/teiCorpus/TEI/text/body/p/quote/foreign/choice/expan/ex;5
/teiCorpus/TEI/text/body/p/quote/foreign/choice/expan;4
/teiCorpus/TEI/text/body/p/quote/foreign/placeName;2
/teiCorpus/TEI/text/body/p/quote/foreign/sic;1
/teiCorpus/TEI/text/body/p/quote/foreign;25
/teiCorpus/TEI/text/body/p/quote/hi/choice/abbr/am;1
/teiCorpus/TEI/text/body/p/quote/hi/choice/expan/ex;1
/teiCorpus/TEI/text/body/p/quote/hi;7
/teiCorpus/TEI/text/body/p/quote/num/hi;1
/teiCorpus/TEI/text/body/p/quote/num;16
/teiCorpus/TEI/text/body/p/quote/orgName;4
/teiCorpus/TEI/text/body/p/quote/persName/choice/abbr/am;23
/teiCorpus/TEI/text/body/p/quote/persName/choice/abbr;7
/teiCorpus/TEI/text/body/p/quote/persName/choice/expan/ex;24
/teiCorpus/TEI/text/body/p/quote/persName/choice/expan/g;3
/teiCorpus/TEI/text/body/p/quote/persName/choice/expan;9
/teiCorpus/TEI/text/body/p/quote/persName/hi;1
/teiCorpus/TEI/text/body/p/quote/persName;115
/teiCorpus/TEI/text/body/p/quote/placeName/choice/abbr/am;5
/teiCorpus/TEI/text/body/p/quote/placeName/choice/abbr;6
/teiCorpus/TEI/text/body/p/quote/placeName/choice/expan/ex;6
/teiCorpus/TEI/text/body/p/quote/placeName/choice/expan/g;2
/teiCorpus/TEI/text/body/p/quote/placeName/choice/expan;8
/teiCorpus/TEI/text/body/p/quote/placeName;25
/teiCorpus/TEI/text/body/p/quote/quote/choice/abbr/am;13
/teiCorpus/TEI/text/body/p/quote/quote/choice/abbr;2
/teiCorpus/TEI/text/body/p/quote/quote/choice/expan/ex;8
/teiCorpus/TEI/text/body/p/quote/quote/choice/expan;11
/teiCorpus/TEI/text/body/p/quote/quote/persName/choice/abbr/am;2
/teiCorpus/TEI/text/body/p/quote/quote/persName/choice/abbr;2
/teiCorpus/TEI/text/body/p/quote/quote/persName/choice/expan/ex;2
/teiCorpus/TEI/text/body/p/quote/quote/persName/choice/expan/g;1
/teiCorpus/TEI/text/body/p/quote/quote/persName/choice/expan;2
/teiCorpus/TEI/text/body/p/quote/quote/persName;2
/teiCorpus/TEI/text/body/p/quote/quote;26
/teiCorpus/TEI/text/body/p/quote/subst/del/unclear;1
/teiCorpus/TEI/text/body/p/quote/supplied;7
/teiCorpus/TEI/text/body/p/quote/surplus;2
/teiCorpus/TEI/text/body/p/quote/title;4
/teiCorpus/TEI/text/body/p/quote;1649
/teiCorpus/TEI/text/body/p/seg;2
/teiCorpus/TEI/text/body/p/sic;4
/teiCorpus/TEI/text/body/p/subst/add;1
/teiCorpus/TEI/text/body/p/subst/del/choice/abbr/am;1
/teiCorpus/TEI/text/body/p/subst/del/choice/expan/ex;1
/teiCorpus/TEI/text/body/p/subst/del/choice/expan;1
/teiCorpus/TEI/text/body/p/subst/del/unclear;1
/teiCorpus/TEI/text/body/p/subst/del;1
/teiCorpus/TEI/text/body/p/supplied/choice/abbr/am;1
/teiCorpus/TEI/text/body/p/supplied/choice/expan/ex;1
/teiCorpus/TEI/text/body/p/supplied/choice/expan;1
/teiCorpus/TEI/text/body/p/supplied;18
/teiCorpus/TEI/text/body/p/surplus/del;2
/teiCorpus/TEI/text/body/p/surplus;6
/teiCorpus/TEI/text/body/p/title/choice/abbr/am;4
/teiCorpus/TEI/text/body/p/title/choice/expan/ex;4
/teiCorpus/TEI/text/body/p/title/choice/expan;2
/teiCorpus/TEI/text/body/p/title/choice/orig;2
/teiCorpus/TEI/text/body/p/title/choice/reg;2
/teiCorpus/TEI/text/body/p/title/foreign;1
/teiCorpus/TEI/text/body/p/title/persName;1
/teiCorpus/TEI/text/body/p/title;51
/teiCorpus/TEI/text/body/p/unclear/choice/abbr/am;1
/teiCorpus/TEI/text/body/p/unclear/choice/expan/ex;1
/teiCorpus/TEI/text/body/p/unclear/supplied;1
/teiCorpus/TEI/text/body/p/unclear;3
/teiCorpus/TEI/text/body/p;17439
/teiCorpus/teiHeader/encodingDesc/classDecl/taxonomy/category/catDesc/gloss;18
/teiCorpus/teiHeader/encodingDesc/classDecl/taxonomy/category/catDesc;19
/teiCorpus/teiHeader/encodingDesc/transcriptionDesc/p/list/item/q;4
/teiCorpus/teiHeader/encodingDesc/transcriptionDesc/p/list/item;10
/teiCorpus/teiHeader/encodingDesc/transcriptionDesc/p;23
/teiCorpus/teiHeader/fileDesc/publicationStmt/p;1
/teiCorpus/teiHeader/fileDesc/titleStmt/author/persName/forename;4
/teiCorpus/teiHeader/fileDesc/titleStmt/author/persName/surname;4
/teiCorpus/teiHeader/fileDesc/titleStmt/principal/persName/forename;1
/teiCorpus/teiHeader/fileDesc/titleStmt/principal/persName/surname;1
/teiCorpus/teiHeader/fileDesc/titleStmt/title;1
